iter	Accuracy	Logloss
0	0.984859675	0.1094018465
